symbol,timeframe,net_pnl,max_drawdown,win_rate,profit_factor,trade_count,test_net_pnl,strategy_id
SA,1d,85387.144,-19835.787000000004,0.45454545454545453,3.048487121628667,44,1148.96,donchian_atr|both|1d|w3|sw0.006|br0.001|lb16|sl0.015|mh64|cd4|atr10|am2.5|ex12|mom48|vol48|th0.4|signal
SA,1d,85167.162,-19835.787000000004,0.45454545454545453,3.043209625826838,44,128.97800000000024,donchian_atr|both|1d|w3|sw0.006|br0.0015|lb16|sl0.015|mh64|cd4|atr10|am2.5|ex12|mom48|vol48|th0.4|signal
SA,1d,81709.52,-20790.8825,0.46511627906976744,2.904621913546253,43,2711.478000000002,donchian_atr|both|1d|w3|sw0.006|br0.001|lb16|sl0.015|mh64|cd4|atr10|am2.5|ex16|mom48|vol48|th0.4|signal
SA,1d,81489.538,-20790.8825,0.46511627906976744,2.8994942058105355,43,1691.496,donchian_atr|both|1d|w3|sw0.006|br0.0015|lb16|sl0.015|mh64|cd4|atr10|am2.5|ex16|mom48|vol48|th0.4|signal
SA,1d,80994.26680000001,-25603.91819999998,0.5405405405405406,2.969993139220013,37,5628.992,donchian_atr|both|1d|w3|sw0.006|br0.001|lb16|sl0.015|mh64|cd4|atr10|am3|ex16|mom48|vol48|th0.4|signal
SA,1d,79454.28480000001,-25603.918199999986,0.5405405405405406,2.9325367352746126,37,4609.01,donchian_atr|both|1d|w3|sw0.006|br0.0015|lb16|sl0.015|mh64|cd4|atr10|am3|ex16|mom48|vol48|th0.4|signal
SA,1d,74784.3824,-23417.699599999985,0.5,2.770219489240509,40,625.7521999999992,donchian_atr|both|1d|w3|sw0.006|br0.0015|lb16|sl0.015|mh64|cd4|atr10|am3|ex12|mom48|vol48|th0.4|signal
SA,1d,73172.41685714286,-24590.27242857142,0.5263157894736842,2.666810825523903,38,4660.327999999999,donchian_atr|both|1d|w3|sw0.006|br0.0015|lb16|sl0.015|mh64|cd4|atr14|am3|ex16|mom48|vol48|th0.4|signal
SA,1d,71627.46459999999,-26338.003199999992,0.5428571428571428,2.771830756651104,35,5852.002999999999,donchian_atr|both|1d|w3|sw0.006|br0.001|lb16|sl0.015|mh64|cd4|atr10|am3.5|ex16|mom48|vol48|th0.4|signal
SA,1d,70087.48259999999,-26338.0032,0.5428571428571428,2.7337366053709107,35,4832.020999999999,donchian_atr|both|1d|w3|sw0.006|br0.0015|lb16|sl0.015|mh64|cd4|atr10|am3.5|ex16|mom48|vol48|th0.4|signal
SA,1d,66252.39007142861,-23471.56678571427,0.425531914893617,2.3161267819901776,47,1744.8784999999987,donchian_atr|both|1d|w3|sw0.006|br0.0015|lb16|sl0.015|mh64|cd4|atr14|am2.5|ex12|mom48|vol48|th0.4|signal
SA,1d,65189.259500000015,-21835.587000000003,0.48717948717948717,2.7724290405859593,39,181.5424999999986,donchian_atr|both|1d|w3|sw0.006|br0.0015|lb24|sl0.015|mh64|cd4|atr10|am2.5|ex12|mom48|vol48|th0.4|signal
HC,1d,63378.5225,-10691.448999999993,0.5853658536585366,2.322113446987397,82,13751.121749999998,donchian_atr|both|1d|w3|sw0.006|br0.0015|lb16|sl0.015|mh24|cd4|atr14|am3.5|ex16|mom48|vol48|th0.4|signal
SA,1d,63275.757999999994,-19835.787,0.44680851063829785,2.417555262290228,47,108.97599999999984,donchian_atr|both|1d|w3|sw0.006|br0.0015|lb16|sl0.015|mh48|cd4|atr10|am2.5|ex12|mom48|vol48|th0.4|signal
HC,1d,61348.06225800012,-21676.716589999967,0.2761904761904762,2.4109043518313142,105,11221.252403000042,trend_failure|both|1d|w2|sw0.008|br0.0015|lb24|sl0.015|mh64|cd4|strict
HC,1d,61348.06225800012,-21676.716589999967,0.2761904761904762,2.4109043518313142,105,11221.252403000042,trend_failure|both|1d|w2|sw0.008|br0.0015|lb24|sl0.015|mh64|cd4|aggressive
HC,1d,61348.06225800012,-21676.716589999967,0.2761904761904762,2.4109043518313142,105,11221.252403000042,trend_failure|both|1d|w2|sw0.008|br0.0015|lb24|sl0.015|mh64|cd4|signal
SA,1d,59598.13399999999,-20790.882499999996,0.45652173913043476,2.299712299892968,46,1671.4939999999997,donchian_atr|both|1d|w3|sw0.006|br0.0015|lb16|sl0.015|mh48|cd4|atr10|am2.5|ex16|mom48|vol48|th0.4|signal
SA,1d,58651.380000000034,-25603.91819999999,0.5121951219512195,2.066131595716052,41,2588.494199999998,donchian_atr|both|1d|w3|sw0.006|br0.0015|lb16|sl0.015|mh48|cd4|atr10|am3|ex16|mom48|vol48|th0.4|signal
SA,1d,58461.74340000003,-23417.69959999999,0.4883720930232558,2.0922319518059913,43,605.7501999999988,donchian_atr|both|1d|w3|sw0.006|br0.0015|lb16|sl0.015|mh48|cd4|atr10|am3|ex12|mom48|vol48|th0.4|signal
HC,1d,52330.987,-17415.440000000002,0.5394736842105263,2.0192975109898184,76,17257.152750000005,donchian_atr|both|1d|w3|sw0.006|br0.0015|lb16|sl0.015|mh32|cd4|atr14|am3.5|ex16|mom48|vol48|th0.4|signal
FG,1d,51337.30949999998,-14956.608099999994,0.45161290322580644,2.0529221958891957,93,11772.357199999997,donchian_atr|both|1d|w3|sw0.006|br0.0015|lb16|sl0.015|mh64|cd4|atr20|am3|ex8|mom48|vol48|th0.4|signal
HC,1d,51246.25482000014,-20801.784229999976,0.3,2.2732114615896646,100,10299.721200000027,trend_failure|both|1d|w2|sw0.008|br0.003|lb24|sl0.015|mh64|cd4|strict
HC,1d,51246.25482000014,-20801.784229999976,0.3,2.2732114615896646,100,10299.721200000027,trend_failure|both|1d|w2|sw0.008|br0.003|lb24|sl0.015|mh64|cd4|aggressive
HC,1d,51246.25482000014,-20801.784229999976,0.3,2.2732114615896646,100,10299.721200000027,trend_failure|both|1d|w2|sw0.008|br0.003|lb24|sl0.015|mh64|cd4|signal
HC,1d,51174.76741600011,-13167.581344999955,0.2553191489361702,2.2669382582712885,94,10854.831716,swing_reversal|both|1d|w3|sw0.004|br0.003|lb24|sl0.015|mh32|cd4|strict
HC,1d,51174.76741600011,-13167.581344999955,0.2553191489361702,2.2669382582712885,94,10854.831716,swing_reversal|both|1d|w3|sw0.004|br0.003|lb24|sl0.015|mh32|cd4|signal
HC,1d,51174.76741600011,-13167.581344999955,0.2553191489361702,2.2669382582712885,94,10854.831716,swing_reversal|both|1d|w3|sw0.004|br0.003|lb24|sl0.015|mh32|cd4|aggressive
RB,1d,51082.21159999998,-9611.450400000009,0.44651162790697674,1.6784402762767578,215,956.949400000004,tsmom_vol|both|1d|w3|sw0.006|br0.002|lb24|sl0.015|mh64|cd4|atr10|am2|ex12|mom16|vol24|th0.4|strict
HC,1d,50970.852950000015,-18676.813850000017,0.5263157894736842,1.9998905356913752,76,16878.390800000005,donchian_atr|both|1d|w3|sw0.006|br0.0015|lb16|sl0.015|mh32|cd4|atr10|am3.5|ex16|mom48|vol48|th0.4|signal
RB,1d,50342.896250000005,-9326.141000000003,0.4225352112676056,1.9920073273083625,142,553.5699999999995,tsmom_vol|both|1d|w3|sw0.006|br0.002|lb24|sl0.015|mh64|cd4|atr10|am2.5|ex12|mom24|vol24|th0.4|strict
SP,1d,50270.131630000054,-10595.189679999981,0.28125,3.6402701258282244,32,8688.586250000013,swing_reversal|both|1d|w3|sw0.008|br0.003|lb24|sl0.015|mh64|cd4|strict
FG,1d,49948.071,-13104.964799999994,0.43820224719101125,2.022821874140551,89,9750.872899999998,donchian_atr|both|1d|w3|sw0.006|br0.0015|lb16|sl0.015|mh64|cd4|atr10|am3.5|ex8|mom48|vol48|th0.4|signal
SP,1d,49903.419470000044,-10590.022189999989,0.29411764705882354,3.4974440809201917,34,9168.586250000013,swing_reversal|both|1d|w3|sw0.008|br0.0015|lb24|sl0.015|mh64|cd4|strict
FG,1d,49762.683999999994,-12864.016499999998,0.4444444444444444,2.0029023145015468,90,7979.6725,donchian_atr|both|1d|w3|sw0.006|br0.0015|lb16|sl0.015|mh64|cd4|atr14|am3.5|ex8|mom48|vol48|th0.4|signal
SP,1d,49457.0214100001,-8321.001539999983,0.26666666666666666,2.336241196220762,60,4227.32335000003,breakout|both|1d|w3|sw0.006|br0.0015|lb16|sl0.015|mh32|cd4|strict
RB,1d,49328.80179999997,-14472.345200000003,0.44221105527638194,1.6935225428757064,199,2792.127799999992,tsmom_vol|both|1d|w3|sw0.006|br0.002|lb24|sl0.015|mh64|cd4|atr10|am2|ex12|mom24|vol24|th0.4|strict
RB,1d,49328.80179999997,-14472.345200000003,0.44221105527638194,1.6935225428757064,199,2792.127799999992,tsmom_vol|both|1d|w3|sw0.006|br0.002|lb24|sl0.015|mh48|cd4|atr10|am2|ex12|mom24|vol24|th0.4|strict
SP,1d,48965.890330000075,-11481.001139999971,0.2777777777777778,3.221750840437587,36,7627.125260000012,trend_failure|both|1d|w3|sw0.004|br0.003|lb24|sl0.015|mh64|cd4|strict
SP,1d,48957.41869000009,-10569.537739999985,0.25806451612903225,2.2479050620219247,62,4227.32335000003,breakout|both|1d|w3|sw0.006|br0.0015|lb16|sl0.015|mh32|cd4|aggressive
HC,1d,48921.78871428573,-11109.126285714281,0.5057471264367817,1.9366319604298905,87,15772.10328571428,donchian_atr|both|1d|w3|sw0.006|br0.0015|lb16|sl0.015|mh24|cd4|atr14|am3|ex16|mom48|vol48|th0.4|signal
SA,1d,48717.664400000016,-27603.7182,0.5,2.1325868310773073,36,833.3641999999983,donchian_atr|both|1d|w3|sw0.006|br0.0015|lb24|sl0.015|mh64|cd4|atr10|am3|ex16|mom48|vol48|th0.4|signal
HC,1d,48499.85750000001,-12002.627250000001,0.5185185185185185,1.945300742711332,81,14806.758249999999,donchian_atr|both|1d|w3|sw0.006|br0.0015|lb16|sl0.015|mh32|cd4|atr14|am3.5|ex12|mom48|vol48|th0.4|signal
CJ,1d,48234.188362500136,-19075.0,0.14754098360655737,2.09095519507186,61,6333.538150000037,trend_failure|both|1d|w3|sw0.008|br0.003|lb24|sl0.015|mh32|cd4|signal
CJ,1d,48233.43328750014,-19075.0,0.14754098360655737,2.090919485935974,61,6333.538150000037,trend_failure|both|1d|w3|sw0.004|br0.003|lb24|sl0.015|mh32|cd4|signal
RB,1d,48098.365999999995,-14509.888199999987,0.41935483870967744,1.631790686776812,217,2313.6247999999923,tsmom_vol|both|1d|w3|sw0.006|br0.002|lb24|sl0.015|mh64|cd4|atr10|am2|ex12|mom24|vol24|th0.3|strict
SP,1d,47846.13779000006,-10595.189679999981,0.2571428571428571,3.2291589574034965,35,7878.330760000012,swing_reversal|both|1d|w3|sw0.004|br0.003|lb24|sl0.015|mh64|cd4|strict
HC,1d,47496.08752500013,-15238.190154999946,0.28703703703703703,2.040933742123575,108,10107.478940000015,swing_reversal|both|1d|w2|sw0.004|br0.003|lb24|sl0.015|mh32|cd4|aggressive
HC,1d,47496.08752500013,-15238.190154999946,0.28703703703703703,2.040933742123575,108,10107.478940000015,swing_reversal|both|1d|w2|sw0.004|br0.003|lb24|sl0.015|mh32|cd4|signal
HC,1d,47496.08752500013,-15238.190154999946,0.28703703703703703,2.040933742123575,108,10107.478940000015,swing_reversal|both|1d|w2|sw0.004|br0.003|lb24|sl0.015|mh32|cd4|strict
FG,1d,47396.08285714285,-13480.657285714282,0.44086021505376344,1.922855581192551,93,6622.219428571425,donchian_atr|both|1d|w3|sw0.006|br0.0015|lb16|sl0.015|mh64|cd4|atr14|am3|ex8|mom48|vol48|th0.4|signal
RB,1d,47236.29828571425,-13250.533142857137,0.48412698412698413,1.5781352485537978,126,36.302142857132964,donchian_atr|both|1d|w3|sw0.006|br0.0015|lb16|sl0.015|mh32|cd4|atr14|am3|ex16|mom48|vol48|th0.4|signal
HC,1d,46831.57701800011,-14067.524519999955,0.23529411764705882,2.057978645955842,102,9761.25328800002,swing_reversal|both|1d|w3|sw0.004|br0.0015|lb24|sl0.015|mh32|cd4|strict
HC,1d,46831.57701800011,-14067.524519999955,0.23529411764705882,2.057978645955842,102,9761.25328800002,swing_reversal|both|1d|w3|sw0.004|br0.0015|lb24|sl0.015|mh32|cd4|signal
HC,1d,46831.57701800011,-14067.524519999955,0.23529411764705882,2.057978645955842,102,9761.25328800002,swing_reversal|both|1d|w3|sw0.004|br0.0015|lb24|sl0.015|mh32|cd4|aggressive
SP,1d,46781.06625000006,-10590.022189999989,0.2631578947368421,3.0247906439404955,38,8358.330760000012,swing_reversal|both|1d|w3|sw0.004|br0.0015|lb24|sl0.015|mh64|cd4|strict
FG,1d,46535.559499999974,-15903.627571428568,0.42,1.8756432694763974,100,8521.714785714286,donchian_atr|both|1d|w3|sw0.006|br0.0015|lb16|sl0.015|mh64|cd4|atr14|am2.5|ex8|mom48|vol48|th0.4|signal
SP,1d,46516.50431000006,-11481.001139999971,0.2564102564102564,2.899508022261344,39,7627.125260000012,trend_failure|both|1d|w3|sw0.008|br0.003|lb24|sl0.015|mh64|cd4|strict
SP,1d,46505.733740000076,-11475.833649999979,0.25,2.885920546662216,40,8487.125260000012,trend_failure|both|1d|w3|sw0.004|br0.0015|lb24|sl0.015|mh64|cd4|strict
RB,1d,46421.16739999996,-15569.936200000004,0.43842364532019706,1.6474199524411286,203,1762.1277999999925,tsmom_vol|both|1d|w3|sw0.006|br0.002|lb24|sl0.015|mh64|cd4|atr10|am2|ex12|mom24|vol16|th0.4|strict
HC,1d,46415.06179600009,-23109.310649999992,0.24528301886792453,2.0452824288154416,106,10801.346271000011,trend_failure|both|1d|w3|sw0.008|br0.003|lb24|sl0.015|mh32|cd4|strict
HC,1d,46415.06179600009,-23109.310649999992,0.24528301886792453,2.0452824288154416,106,10801.346271000011,trend_failure|both|1d|w3|sw0.008|br0.003|lb24|sl0.015|mh32|cd4|signal
HC,1d,46415.06179600009,-23109.310649999992,0.24528301886792453,2.0452824288154416,106,10801.346271000011,trend_failure|both|1d|w3|sw0.008|br0.003|lb24|sl0.015|mh32|cd4|aggressive
CJ,1d,46126.170612500144,-19075.0,0.14285714285714285,2.0001150504239398,63,6299.941962500034,trend_failure|both|1d|w3|sw0.008|br0.0015|lb24|sl0.015|mh32|cd4|signal
CJ,1d,46125.415537500136,-19075.0,0.14285714285714285,2.000082305761257,63,6299.941962500034,trend_failure|both|1d|w3|sw0.004|br0.0015|lb24|sl0.015|mh32|cd4|signal
SP,1d,45935.755010000066,-10595.189679999981,0.25,2.9652378741405307,36,8688.586250000013,swing_reversal|both|1d|w3|sw0.008|br0.003|lb24|sl0.015|mh64|cd4|aggressive
FG,1d,45740.79639999999,-14309.697000000015,0.43010752688172044,1.8831148291593134,93,4505.538599999998,donchian_atr|both|1d|w3|sw0.006|br0.0015|lb16|sl0.015|mh64|cd4|atr10|am3|ex8|mom48|vol48|th0.4|signal
SP,1d,45604.13387000008,-12846.936869999998,0.24615384615384617,2.0708974018481987,65,4227.32335000003,breakout|both|1d|w3|sw0.006|br0.0015|lb16|sl0.015|mh32|cd4|signal
SP,1d,45559.67992000005,-10590.022189999989,0.2631578947368421,2.87291576104086,38,9168.586250000013,swing_reversal|both|1d|w3|sw0.008|br0.0015|lb24|sl0.015|mh64|cd4|aggressive
RB,1d,45200.069,-14472.345199999996,0.4368932038834951,1.5948066677441417,206,2678.5487999999923,tsmom_vol|both|1d|w3|sw0.006|br0.002|lb24|sl0.015|mh32|cd4|atr10|am2|ex12|mom24|vol24|th0.4|strict
RB,1d,45192.113805000125,-7755.477569999974,0.37681159420289856,2.869642933947766,69,3798.1052950000735,trend_failure|short|1d|w2|sw0.008|br0.003|lb24|sl0.015|mh32|cd4|signal
RB,1d,45192.113805000125,-7755.477569999974,0.37681159420289856,2.869642933947766,69,3798.1052950000735,trend_failure|short|1d|w2|sw0.008|br0.003|lb24|sl0.015|mh32|cd4|strict
RB,1d,45192.113805000125,-7755.477569999974,0.37681159420289856,2.869642933947766,69,3798.1052950000735,trend_failure|short|1d|w2|sw0.008|br0.003|lb24|sl0.015|mh32|cd4|aggressive
CJ,1d,45139.47542500011,-19075.0,0.15789473684210525,2.126912671029068,57,1656.543712500034,trend_failure|both|1d|w3|sw0.008|br0.003|lb24|sl0.015|mh64|cd4|signal
CJ,1d,45138.72035000012,-19075.0,0.15789473684210525,2.1268725783278377,57,1656.543712500034,trend_failure|both|1d|w3|sw0.004|br0.003|lb24|sl0.015|mh64|cd4|signal
HC,1d,44887.1833660001,-25659.389504999977,0.24509803921568626,2.048594038918711,102,11952.448621000005,trend_failure|both|1d|w3|sw0.004|br0.003|lb24|sl0.015|mh32|cd4|aggressive
HC,1d,44887.1833660001,-25659.389504999977,0.24509803921568626,2.048594038918711,102,11952.448621000005,trend_failure|both|1d|w3|sw0.004|br0.003|lb24|sl0.015|mh32|cd4|signal
HC,1d,44887.1833660001,-25659.389504999977,0.24509803921568626,2.048594038918711,102,11952.448621000005,trend_failure|both|1d|w3|sw0.004|br0.003|lb24|sl0.015|mh32|cd4|strict
SP,1d,44768.16099000008,-11475.833649999979,0.23809523809523808,2.6959559458025146,42,8487.125260000012,trend_failure|both|1d|w3|sw0.008|br0.0015|lb24|sl0.015|mh64|cd4|strict
HC,1d,44364.23030000002,-16855.895100000012,0.5,1.729877367024401,82,15849.473100000001,donchian_atr|both|1d|w3|sw0.006|br0.0015|lb16|sl0.015|mh32|cd4|atr10|am3|ex16|mom48|vol48|th0.4|signal
FG,1d,44361.413857142856,-15116.982,0.42105263157894735,1.8186649215518225,95,6622.219428571425,donchian_atr|both|1d|w3|sw0.006|br0.001|lb16|sl0.015|mh64|cd4|atr14|am3|ex8|mom48|vol48|th0.4|signal
HC,1d,44187.43500000001,-16855.895100000012,0.4782608695652174,1.9530990150382581,69,15495.586500000007,donchian_atr|both|1d|w3|sw0.006|br0.0015|lb16|sl0.015|mh64|cd4|atr10|am3|ex16|mom48|vol48|th0.4|signal
HC,1d,44007.55368500015,-26224.812854999953,0.29292929292929293,2.0740551912667198,99,10299.721200000027,trend_failure|both|1d|w2|sw0.004|br0.003|lb24|sl0.015|mh64|cd4|aggressive
HC,1d,44007.55368500015,-26224.812854999953,0.29292929292929293,2.0740551912667198,99,10299.721200000027,trend_failure|both|1d|w2|sw0.004|br0.003|lb24|sl0.015|mh64|cd4|signal
HC,1d,44007.55368500015,-26224.812854999953,0.29292929292929293,2.0740551912667198,99,10299.721200000027,trend_failure|both|1d|w2|sw0.004|br0.003|lb24|sl0.015|mh64|cd4|strict
RB,1d,43516.90743500014,-7758.061824999975,0.3561643835616438,2.6830050615219423,73,3021.8013000000738,trend_failure|short|1d|w2|sw0.008|br0.0015|lb24|sl0.015|mh32|cd4|aggressive
RB,1d,43516.90743500014,-7758.061824999975,0.3561643835616438,2.6830050615219423,73,3021.8013000000738,trend_failure|short|1d|w2|sw0.008|br0.0015|lb24|sl0.015|mh32|cd4|signal
RB,1d,43516.90743500014,-7758.061824999975,0.3561643835616438,2.6830050615219423,73,3021.8013000000738,trend_failure|short|1d|w2|sw0.008|br0.0015|lb24|sl0.015|mh32|cd4|strict
RB,1d,43504.356799999994,-17051.4136,0.4236453201970443,1.5844963664089309,203,2392.127799999991,tsmom_vol|both|1d|w3|sw0.006|br0.002|lb24|sl0.015|mh64|cd4|atr10|am2|ex12|mom24|vol32|th0.4|strict
RB,1d,43341.85350000003,-7136.437099999996,0.4056603773584906,2.199579400721462,106,403.23229999999285,tsmom_vol|both|1d|w3|sw0.006|br0.002|lb24|sl0.015|mh64|cd4|atr10|am3|ex12|mom24|vol24|th0.4|strict
CJ,1d,43206.44017500012,-19075.0,0.15254237288135594,2.029608824366917,59,1622.9475250000287,trend_failure|both|1d|w3|sw0.008|br0.0015|lb24|sl0.015|mh64|cd4|signal
CJ,1d,43205.685100000126,-19075.0,0.15254237288135594,2.0295723054078727,59,1622.9475250000287,trend_failure|both|1d|w3|sw0.004|br0.0015|lb24|sl0.015|mh64|cd4|signal
HC,1d,43152.02824500012,-18284.229099999946,0.28,1.8233887992088678,125,12781.401550000017,trend_failure|both|1d|w2|sw0.008|br0.003|lb24|sl0.015|mh32|cd4|aggressive
HC,1d,43152.02824500012,-18284.229099999946,0.28,1.8233887992088678,125,12781.401550000017,trend_failure|both|1d|w2|sw0.008|br0.003|lb24|sl0.015|mh32|cd4|signal
HC,1d,43152.02824500012,-18284.229099999946,0.28,1.8233887992088678,125,12781.401550000017,trend_failure|both|1d|w2|sw0.008|br0.003|lb24|sl0.015|mh32|cd4|strict
RB,1d,43067.99259999999,-15578.408599999995,0.4393939393939394,1.5957998169709506,198,3001.6337999999914,tsmom_vol|both|1d|w3|sw0.006|br0.002|lb24|sl0.015|mh64|cd4|atr10|am2|ex12|mom24|vol48|th0.4|strict
HC,1d,42686.174014999975,-15386.863730000005,0.34,3.283913364094929,50,10163.283654999994,trend_failure|long|1d|w2|sw0.008|br0.003|lb24|sl0.015|mh64|cd4|signal
HC,1d,42686.174014999975,-15386.863730000005,0.34,3.283913364094929,50,10163.283654999994,trend_failure|long|1d|w2|sw0.008|br0.003|lb24|sl0.015|mh64|cd4|aggressive
HC,1d,42686.174014999975,-15386.863730000005,0.34,3.283913364094929,50,10163.283654999994,trend_failure|long|1d|w2|sw0.008|br0.003|lb24|sl0.015|mh64|cd4|strict
HC,1d,42629.02479300014,-27710.34892499994,0.27184466019417475,1.9711531214316285,103,11208.66710300004,trend_failure|both|1d|w2|sw0.004|br0.0015|lb24|sl0.015|mh64|cd4|strict
