symbol,timeframe,net_pnl,max_drawdown,win_rate,profit_factor,trade_count,test_net_pnl,strategy_id
HC,1d,61348.06225800012,-21676.716589999967,0.2761904761904762,2.4109043518313142,105,11221.252403000042,trend_failure|both|1d|w2|sw0.008|br0.0015|lb24|sl0.015|mh64|cd4|aggressive
HC,1d,61348.06225800012,-21676.716589999967,0.2761904761904762,2.4109043518313142,105,11221.252403000042,trend_failure|both|1d|w2|sw0.008|br0.0015|lb24|sl0.015|mh64|cd4|signal
HC,1d,61348.06225800012,-21676.716589999967,0.2761904761904762,2.4109043518313142,105,11221.252403000042,trend_failure|both|1d|w2|sw0.008|br0.0015|lb24|sl0.015|mh64|cd4|strict
HC,1d,51246.25482000014,-20801.784229999976,0.3,2.2732114615896646,100,10299.721200000027,trend_failure|both|1d|w2|sw0.008|br0.003|lb24|sl0.015|mh64|cd4|signal
HC,1d,51246.25482000014,-20801.784229999976,0.3,2.2732114615896646,100,10299.721200000027,trend_failure|both|1d|w2|sw0.008|br0.003|lb24|sl0.015|mh64|cd4|aggressive
HC,1d,51246.25482000014,-20801.784229999976,0.3,2.2732114615896646,100,10299.721200000027,trend_failure|both|1d|w2|sw0.008|br0.003|lb24|sl0.015|mh64|cd4|strict
HC,1d,51174.76741600011,-13167.581344999955,0.2553191489361702,2.2669382582712885,94,10854.831716,swing_reversal|both|1d|w3|sw0.004|br0.003|lb24|sl0.015|mh32|cd4|aggressive
HC,1d,51174.76741600011,-13167.581344999955,0.2553191489361702,2.2669382582712885,94,10854.831716,swing_reversal|both|1d|w3|sw0.004|br0.003|lb24|sl0.015|mh32|cd4|signal
HC,1d,51174.76741600011,-13167.581344999955,0.2553191489361702,2.2669382582712885,94,10854.831716,swing_reversal|both|1d|w3|sw0.004|br0.003|lb24|sl0.015|mh32|cd4|strict
SP,1d,50270.131630000054,-10595.189679999981,0.28125,3.6402701258282244,32,8688.586250000013,swing_reversal|both|1d|w3|sw0.008|br0.003|lb24|sl0.015|mh64|cd4|strict
SP,1d,49903.419470000044,-10590.022189999989,0.29411764705882354,3.4974440809201917,34,9168.586250000013,swing_reversal|both|1d|w3|sw0.008|br0.0015|lb24|sl0.015|mh64|cd4|strict
SP,1d,49457.0214100001,-8321.001539999983,0.26666666666666666,2.336241196220762,60,4227.32335000003,breakout|both|1d|w3|sw0.006|br0.0015|lb16|sl0.015|mh32|cd4|strict
SP,1d,48965.890330000075,-11481.001139999971,0.2777777777777778,3.221750840437587,36,7627.125260000012,trend_failure|both|1d|w3|sw0.004|br0.003|lb24|sl0.015|mh64|cd4|strict
SP,1d,48957.41869000009,-10569.537739999985,0.25806451612903225,2.2479050620219247,62,4227.32335000003,breakout|both|1d|w3|sw0.006|br0.0015|lb16|sl0.015|mh32|cd4|aggressive
CJ,1d,48234.188362500136,-19075.0,0.14754098360655737,2.09095519507186,61,6333.538150000037,trend_failure|both|1d|w3|sw0.008|br0.003|lb24|sl0.015|mh32|cd4|signal
CJ,1d,48233.43328750014,-19075.0,0.14754098360655737,2.090919485935974,61,6333.538150000037,trend_failure|both|1d|w3|sw0.004|br0.003|lb24|sl0.015|mh32|cd4|signal
SP,1d,47846.13779000006,-10595.189679999981,0.2571428571428571,3.2291589574034965,35,7878.330760000012,swing_reversal|both|1d|w3|sw0.004|br0.003|lb24|sl0.015|mh64|cd4|strict
HC,1d,47496.08752500013,-15238.190154999946,0.28703703703703703,2.040933742123575,108,10107.478940000015,swing_reversal|both|1d|w2|sw0.004|br0.003|lb24|sl0.015|mh32|cd4|strict
HC,1d,47496.08752500013,-15238.190154999946,0.28703703703703703,2.040933742123575,108,10107.478940000015,swing_reversal|both|1d|w2|sw0.004|br0.003|lb24|sl0.015|mh32|cd4|signal
HC,1d,47496.08752500013,-15238.190154999946,0.28703703703703703,2.040933742123575,108,10107.478940000015,swing_reversal|both|1d|w2|sw0.004|br0.003|lb24|sl0.015|mh32|cd4|aggressive
HC,1d,46831.57701800011,-14067.524519999955,0.23529411764705882,2.057978645955842,102,9761.25328800002,swing_reversal|both|1d|w3|sw0.004|br0.0015|lb24|sl0.015|mh32|cd4|strict
HC,1d,46831.57701800011,-14067.524519999955,0.23529411764705882,2.057978645955842,102,9761.25328800002,swing_reversal|both|1d|w3|sw0.004|br0.0015|lb24|sl0.015|mh32|cd4|signal
HC,1d,46831.57701800011,-14067.524519999955,0.23529411764705882,2.057978645955842,102,9761.25328800002,swing_reversal|both|1d|w3|sw0.004|br0.0015|lb24|sl0.015|mh32|cd4|aggressive
SP,1d,46781.06625000006,-10590.022189999989,0.2631578947368421,3.0247906439404955,38,8358.330760000012,swing_reversal|both|1d|w3|sw0.004|br0.0015|lb24|sl0.015|mh64|cd4|strict
SP,1d,46516.50431000006,-11481.001139999971,0.2564102564102564,2.899508022261344,39,7627.125260000012,trend_failure|both|1d|w3|sw0.008|br0.003|lb24|sl0.015|mh64|cd4|strict
SP,1d,46505.733740000076,-11475.833649999979,0.25,2.885920546662216,40,8487.125260000012,trend_failure|both|1d|w3|sw0.004|br0.0015|lb24|sl0.015|mh64|cd4|strict
HC,1d,46415.06179600009,-23109.310649999992,0.24528301886792453,2.0452824288154416,106,10801.346271000011,trend_failure|both|1d|w3|sw0.008|br0.003|lb24|sl0.015|mh32|cd4|strict
HC,1d,46415.06179600009,-23109.310649999992,0.24528301886792453,2.0452824288154416,106,10801.346271000011,trend_failure|both|1d|w3|sw0.008|br0.003|lb24|sl0.015|mh32|cd4|signal
HC,1d,46415.06179600009,-23109.310649999992,0.24528301886792453,2.0452824288154416,106,10801.346271000011,trend_failure|both|1d|w3|sw0.008|br0.003|lb24|sl0.015|mh32|cd4|aggressive
CJ,1d,46126.170612500144,-19075.0,0.14285714285714285,2.0001150504239398,63,6299.941962500034,trend_failure|both|1d|w3|sw0.008|br0.0015|lb24|sl0.015|mh32|cd4|signal
CJ,1d,46125.415537500136,-19075.0,0.14285714285714285,2.000082305761257,63,6299.941962500034,trend_failure|both|1d|w3|sw0.004|br0.0015|lb24|sl0.015|mh32|cd4|signal
SP,1d,45935.755010000066,-10595.189679999981,0.25,2.9652378741405307,36,8688.586250000013,swing_reversal|both|1d|w3|sw0.008|br0.003|lb24|sl0.015|mh64|cd4|aggressive
SP,1d,45604.13387000008,-12846.936869999998,0.24615384615384617,2.0708974018481987,65,4227.32335000003,breakout|both|1d|w3|sw0.006|br0.0015|lb16|sl0.015|mh32|cd4|signal
SP,1d,45559.67992000005,-10590.022189999989,0.2631578947368421,2.87291576104086,38,9168.586250000013,swing_reversal|both|1d|w3|sw0.008|br0.0015|lb24|sl0.015|mh64|cd4|aggressive
RB,1d,45192.113805000125,-7755.477569999974,0.37681159420289856,2.869642933947766,69,3798.1052950000735,trend_failure|short|1d|w2|sw0.008|br0.003|lb24|sl0.015|mh32|cd4|strict
RB,1d,45192.113805000125,-7755.477569999974,0.37681159420289856,2.869642933947766,69,3798.1052950000735,trend_failure|short|1d|w2|sw0.008|br0.003|lb24|sl0.015|mh32|cd4|aggressive
RB,1d,45192.113805000125,-7755.477569999974,0.37681159420289856,2.869642933947766,69,3798.1052950000735,trend_failure|short|1d|w2|sw0.008|br0.003|lb24|sl0.015|mh32|cd4|signal
CJ,1d,45139.47542500011,-19075.0,0.15789473684210525,2.126912671029068,57,1656.543712500034,trend_failure|both|1d|w3|sw0.008|br0.003|lb24|sl0.015|mh64|cd4|signal
CJ,1d,45138.72035000012,-19075.0,0.15789473684210525,2.1268725783278377,57,1656.543712500034,trend_failure|both|1d|w3|sw0.004|br0.003|lb24|sl0.015|mh64|cd4|signal
HC,1d,44887.1833660001,-25659.389504999977,0.24509803921568626,2.048594038918711,102,11952.448621000005,trend_failure|both|1d|w3|sw0.004|br0.003|lb24|sl0.015|mh32|cd4|aggressive
HC,1d,44887.1833660001,-25659.389504999977,0.24509803921568626,2.048594038918711,102,11952.448621000005,trend_failure|both|1d|w3|sw0.004|br0.003|lb24|sl0.015|mh32|cd4|signal
HC,1d,44887.1833660001,-25659.389504999977,0.24509803921568626,2.048594038918711,102,11952.448621000005,trend_failure|both|1d|w3|sw0.004|br0.003|lb24|sl0.015|mh32|cd4|strict
SP,1d,44768.16099000008,-11475.833649999979,0.23809523809523808,2.6959559458025146,42,8487.125260000012,trend_failure|both|1d|w3|sw0.008|br0.0015|lb24|sl0.015|mh64|cd4|strict
HC,1d,44007.55368500015,-26224.812854999953,0.29292929292929293,2.0740551912667198,99,10299.721200000027,trend_failure|both|1d|w2|sw0.004|br0.003|lb24|sl0.015|mh64|cd4|aggressive
HC,1d,44007.55368500015,-26224.812854999953,0.29292929292929293,2.0740551912667198,99,10299.721200000027,trend_failure|both|1d|w2|sw0.004|br0.003|lb24|sl0.015|mh64|cd4|signal
HC,1d,44007.55368500015,-26224.812854999953,0.29292929292929293,2.0740551912667198,99,10299.721200000027,trend_failure|both|1d|w2|sw0.004|br0.003|lb24|sl0.015|mh64|cd4|strict
RB,1d,43516.90743500014,-7758.061824999975,0.3561643835616438,2.6830050615219423,73,3021.8013000000738,trend_failure|short|1d|w2|sw0.008|br0.0015|lb24|sl0.015|mh32|cd4|signal
RB,1d,43516.90743500014,-7758.061824999975,0.3561643835616438,2.6830050615219423,73,3021.8013000000738,trend_failure|short|1d|w2|sw0.008|br0.0015|lb24|sl0.015|mh32|cd4|strict
RB,1d,43516.90743500014,-7758.061824999975,0.3561643835616438,2.6830050615219423,73,3021.8013000000738,trend_failure|short|1d|w2|sw0.008|br0.0015|lb24|sl0.015|mh32|cd4|aggressive
CJ,1d,43206.44017500012,-19075.0,0.15254237288135594,2.029608824366917,59,1622.9475250000287,trend_failure|both|1d|w3|sw0.008|br0.0015|lb24|sl0.015|mh64|cd4|signal
CJ,1d,43205.685100000126,-19075.0,0.15254237288135594,2.0295723054078727,59,1622.9475250000287,trend_failure|both|1d|w3|sw0.004|br0.0015|lb24|sl0.015|mh64|cd4|signal
HC,1d,43152.02824500012,-18284.229099999946,0.28,1.8233887992088678,125,12781.401550000017,trend_failure|both|1d|w2|sw0.008|br0.003|lb24|sl0.015|mh32|cd4|strict
HC,1d,43152.02824500012,-18284.229099999946,0.28,1.8233887992088678,125,12781.401550000017,trend_failure|both|1d|w2|sw0.008|br0.003|lb24|sl0.015|mh32|cd4|signal
HC,1d,43152.02824500012,-18284.229099999946,0.28,1.8233887992088678,125,12781.401550000017,trend_failure|both|1d|w2|sw0.008|br0.003|lb24|sl0.015|mh32|cd4|aggressive
HC,1d,42686.174014999975,-15386.863730000005,0.34,3.283913364094929,50,10163.283654999994,trend_failure|long|1d|w2|sw0.008|br0.003|lb24|sl0.015|mh64|cd4|strict
HC,1d,42686.174014999975,-15386.863730000005,0.34,3.283913364094929,50,10163.283654999994,trend_failure|long|1d|w2|sw0.008|br0.003|lb24|sl0.015|mh64|cd4|aggressive
HC,1d,42686.174014999975,-15386.863730000005,0.34,3.283913364094929,50,10163.283654999994,trend_failure|long|1d|w2|sw0.008|br0.003|lb24|sl0.015|mh64|cd4|signal
HC,1d,42629.02479300014,-27710.34892499994,0.27184466019417475,1.9711531214316285,103,11208.66710300004,trend_failure|both|1d|w2|sw0.004|br0.0015|lb24|sl0.015|mh64|cd4|signal
HC,1d,42629.02479300014,-27710.34892499994,0.27184466019417475,1.9711531214316285,103,11208.66710300004,trend_failure|both|1d|w2|sw0.004|br0.0015|lb24|sl0.015|mh64|cd4|strict
HC,1d,42629.02479300014,-27710.34892499994,0.27184466019417475,1.9711531214316285,103,11208.66710300004,trend_failure|both|1d|w2|sw0.004|br0.0015|lb24|sl0.015|mh64|cd4|aggressive
HC,1d,42618.095694499956,-15386.863730000005,0.32075471698113206,3.086263001465128,53,10691.216474500001,trend_failure|long|1d|w2|sw0.008|br0.0015|lb24|sl0.015|mh64|cd4|signal
HC,1d,42618.095694499956,-15386.863730000005,0.32075471698113206,3.086263001465128,53,10691.216474500001,trend_failure|long|1d|w2|sw0.008|br0.0015|lb24|sl0.015|mh64|cd4|strict
HC,1d,42618.095694499956,-15386.863730000005,0.32075471698113206,3.086263001465128,53,10691.216474500001,trend_failure|long|1d|w2|sw0.008|br0.0015|lb24|sl0.015|mh64|cd4|aggressive
SP,1d,42493.216870000084,-12419.580189999986,0.23809523809523808,2.490362590018786,42,7627.125260000012,trend_failure|both|1d|w3|sw0.004|br0.003|lb24|sl0.015|mh64|cd4|aggressive
SP,1d,42438.28053000008,-11327.843989999987,0.225,2.5792974657660315,40,7878.330760000012,swing_reversal|both|1d|w3|sw0.004|br0.003|lb24|sl0.015|mh64|cd4|aggressive
HC,1d,41884.65719450011,-17516.98260499996,0.26515151515151514,1.7476226634621617,132,11612.922099500023,trend_failure|both|1d|w2|sw0.008|br0.0015|lb24|sl0.015|mh32|cd4|strict
HC,1d,41884.65719450011,-17516.98260499996,0.26515151515151514,1.7476226634621617,132,11612.922099500023,trend_failure|both|1d|w2|sw0.008|br0.0015|lb24|sl0.015|mh32|cd4|signal
HC,1d,41884.65719450011,-17516.98260499996,0.26515151515151514,1.7476226634621617,132,11612.922099500023,trend_failure|both|1d|w2|sw0.008|br0.0015|lb24|sl0.015|mh32|cd4|aggressive
HC,1d,41754.76058500013,-22065.07886999994,0.2786885245901639,1.808731684303592,122,13407.420350000019,trend_failure|both|1d|w2|sw0.004|br0.003|lb24|sl0.015|mh32|cd4|signal
HC,1d,41754.76058500013,-22065.07886999994,0.2786885245901639,1.808731684303592,122,13407.420350000019,trend_failure|both|1d|w2|sw0.004|br0.003|lb24|sl0.015|mh32|cd4|aggressive
HC,1d,41754.76058500013,-22065.07886999994,0.2786885245901639,1.808731684303592,122,13407.420350000019,trend_failure|both|1d|w2|sw0.004|br0.003|lb24|sl0.015|mh32|cd4|strict
CJ,1d,41670.72878750011,-19075.0,0.1509433962264151,2.150116252118478,53,1656.543712500034,trend_failure|both|1d|w3|sw0.008|br0.003|lb24|sl0.015|mh64|cd4|aggressive
CJ,1d,41669.97371250012,-19075.0,0.1509433962264151,2.1500714443178754,53,1656.543712500034,trend_failure|both|1d|w3|sw0.004|br0.003|lb24|sl0.015|mh64|cd4|aggressive
HC,1d,41511.73797800013,-23109.388649999986,0.22413793103448276,1.8346267499540816,116,9720.353143000035,trend_failure|both|1d|w3|sw0.008|br0.0015|lb24|sl0.015|mh32|cd4|strict
HC,1d,41511.73797800013,-23109.388649999986,0.22413793103448276,1.8346267499540816,116,9720.353143000035,trend_failure|both|1d|w3|sw0.008|br0.0015|lb24|sl0.015|mh32|cd4|signal
HC,1d,41511.73797800013,-23109.388649999986,0.22413793103448276,1.8346267499540816,116,9720.353143000035,trend_failure|both|1d|w3|sw0.008|br0.0015|lb24|sl0.015|mh32|cd4|aggressive
SP,1d,41457.25999000005,-13660.35637999999,0.225,2.4884499270128653,40,8688.586250000013,swing_reversal|both|1d|w3|sw0.008|br0.003|lb24|sl0.015|mh64|cd4|signal
SP,1d,41363.846060000076,-11327.843989999987,0.23255813953488372,2.4502755704588064,43,8358.330760000012,swing_reversal|both|1d|w3|sw0.004|br0.0015|lb24|sl0.015|mh64|cd4|aggressive
SP,1d,41081.18490000004,-13660.35637999999,0.23809523809523808,2.426230403563204,42,9168.586250000013,swing_reversal|both|1d|w3|sw0.008|br0.0015|lb24|sl0.015|mh64|cd4|signal
HC,1d,40767.86996800012,-26269.993214999966,0.22522522522522523,1.8569058512769139,111,10858.870193000026,trend_failure|both|1d|w3|sw0.004|br0.0015|lb24|sl0.015|mh32|cd4|signal
HC,1d,40767.86996800012,-26269.993214999966,0.22522522522522523,1.8569058512769139,111,10858.870193000026,trend_failure|both|1d|w3|sw0.004|br0.0015|lb24|sl0.015|mh32|cd4|strict
HC,1d,40767.86996800012,-26269.993214999966,0.22522522522522523,1.8569058512769139,111,10858.870193000026,trend_failure|both|1d|w3|sw0.004|br0.0015|lb24|sl0.015|mh32|cd4|aggressive
HC,1d,40611.08199000014,-17013.065689999938,0.2807017543859649,1.8354445416848002,114,7495.208245000014,swing_reversal|both|1d|w2|sw0.004|br0.0015|lb24|sl0.015|mh32|cd4|signal
HC,1d,40611.08199000014,-17013.065689999938,0.2807017543859649,1.8354445416848002,114,7495.208245000014,swing_reversal|both|1d|w2|sw0.004|br0.0015|lb24|sl0.015|mh32|cd4|aggressive
HC,1d,40611.08199000014,-17013.065689999938,0.2807017543859649,1.8354445416848002,114,7495.208245000014,swing_reversal|both|1d|w2|sw0.004|br0.0015|lb24|sl0.015|mh32|cd4|strict
SP,1d,40083.79925000007,-7333.7783699999745,0.3,2.7420886525861903,40,6502.363880000017,swing_reversal|both|1d|w3|sw0.008|br0.003|lb24|sl0.015|mh32|cd4|strict
SP,1d,40023.69735000008,-12419.580189999986,0.21739130434782608,2.2852218124130297,46,8487.125260000012,trend_failure|both|1d|w3|sw0.004|br0.0015|lb24|sl0.015|mh64|cd4|aggressive
CJ,1d,39737.69353750012,-19075.0,0.14545454545454545,2.0418953164420595,55,1622.9475250000287,trend_failure|both|1d|w3|sw0.008|br0.0015|lb24|sl0.015|mh64|cd4|aggressive
CJ,1d,39736.93846250012,-19075.0,0.14545454545454545,2.0418548927109788,55,1622.9475250000287,trend_failure|both|1d|w3|sw0.004|br0.0015|lb24|sl0.015|mh64|cd4|aggressive
SP,1d,39717.08709000006,-7333.170429999986,0.30952380952380953,2.6582590651669475,42,6982.363880000017,swing_reversal|both|1d|w3|sw0.008|br0.0015|lb24|sl0.015|mh32|cd4|strict
SP,1d,39102.483930000075,-14737.715139999993,0.2222222222222222,2.2256782222977853,45,7627.125260000012,trend_failure|both|1d|w3|sw0.004|br0.003|lb24|sl0.015|mh64|cd4|signal
SP,1d,38762.04021000008,-8248.776709999967,0.29545454545454547,2.489351372546551,44,5423.385150000016,trend_failure|both|1d|w3|sw0.004|br0.003|lb24|sl0.015|mh32|cd4|strict
SP,1d,38722.77658000007,-8336.426309999988,0.3023255813953488,2.5364345131102644,43,6502.363880000017,swing_reversal|both|1d|w3|sw0.008|br0.003|lb24|sl0.015|mh32|cd4|aggressive
HC,1d,38505.82133500011,-14053.973249999952,0.24242424242424243,1.8656468466205183,99,8239.887559999996,swing_reversal|both|1d|w2|sw0.008|br0.003|lb24|sl0.015|mh32|cd4|strict
HC,1d,38505.82133500011,-14053.973249999952,0.24242424242424243,1.8656468466205183,99,8239.887559999996,swing_reversal|both|1d|w2|sw0.008|br0.003|lb24|sl0.015|mh32|cd4|signal
HC,1d,38505.82133500011,-14053.973249999952,0.24242424242424243,1.8656468466205183,99,8239.887559999996,swing_reversal|both|1d|w2|sw0.008|br0.003|lb24|sl0.015|mh32|cd4|aggressive
HC,1d,38480.49877599997,-7428.950209999999,0.2549019607843137,2.770083023585229,51,1325.4633659999863,swing_reversal|long|1d|w3|sw0.004|br0.003|lb24|sl0.015|mh32|cd4|strict
HC,1d,38480.49877599997,-7428.950209999999,0.2549019607843137,2.770083023585229,51,1325.4633659999863,swing_reversal|long|1d|w3|sw0.004|br0.003|lb24|sl0.015|mh32|cd4|signal
HC,1d,38480.49877599997,-7428.950209999999,0.2549019607843137,2.770083023585229,51,1325.4633659999863,swing_reversal|long|1d|w3|sw0.004|br0.003|lb24|sl0.015|mh32|cd4|aggressive
RB,1d,38372.5241800001,-7755.477569999974,0.36065573770491804,2.7829111197559495,61,3094.0962550000645,trend_failure|short|1d|w2|sw0.008|br0.003|lb24|sl0.015|mh64|cd4|strict
